[
  {
    "uid": "pupiladilatada",
    "name": "Pupila Dilatada",
    "endpoint": "/galleries/pupiladilatada.json",
    "thumbnail": "833"
  },
  {
    "uid": "objkt4objkt",
    "name": "OBJKT4OBJKT",
    "endpoint": "/galleries/objkt4objkt.json",
    "thumbnail": "12077"
  },
  {
    "uid": "thefen",
    "name": "The FEN",
    "endpoint": "https://raw.githubusercontent.com/joanielemercier/The_fen/main/thefen.json",
    "thumbnail": "34413"
  },
  {
    "uid": "nfxtspace",
    "name": "NFXT SPACE",
    "endpoint": "/galleries/nfxt_space.json",
    "thumbnail": "54291"
  },
  {
    "uid": "cronopios",
    "name": "Cronopios",
    "endpoint": "/galleries/cronopios.json",
    "thumbnail": "54715"
  }
]
