{
  "title": "OBJKT4OBJKT",
  "uid": "objkt4objkt",
  "description": "OBJKT4OBJKT was an event ran in collaboration by DiverseNftArt and Hicetnunc on the weekend of March 26th until 28th 2021, in which artists were encouraged to mint their OBJKTs for free in order to swap with other artists and build a more diverse collection.",
  "minimal": true,
  "data": [
    {
      "objkt": [
        12077,
        13032,
        11916,
        12730,
        12835,
        12836,
        13021,
        13023,
        13047,
        13147,
        13163,
        13195,
        13276,
        1999,
        13385,
        13386,
        13411,
        13413,
        13433,
        13436,
        5877,
        13451,
        13460,
        13463,
        12490,
        13497,
        13495,
        13506,
        13509,
        13512,
        13516,
        13521,
        13524,
        13527,
        13530,
        5867,
        13559,
        13564,
        13570,
        10083,
        13600,
        13601,
        13594,
        13595,
        13593,
        13620,
        13624,
        13634,
        13660,
        13669,
        13679,
        13681,
        13698,
        13709,
        13705,
        13526,
        12765,
        13772,
        13773,
        13781,
        13794,
        13801,
        13816,
        7911,
        11775,
        13837,
        13858,
        7316,
        13778,
        13795,
        3640,
        13883,
        13881,
        13936,
        8575,
        13984,
        13986,
        13976,
        13875,
        14047,
        13872,
        14049,
        13696,
        12841,
        14035,
        14072,
        14030,
        14099,
        14093,
        14036,
        14106,
        14143,
        14148,
        14135,
        13903,
        14162,
        13922,
        14164,
        14053,
        13943,
        13866,
        14172,
        14204,
        14214,
        13917,
        14241,
        14242,
        12460,
        14275,
        14318,
        14323,
        14344,
        6643,
        14357,
        13468,
        8678,
        14078,
        14196,
        14480,
        14492,
        13598,
        14305,
        12246,
        13930,
        14500,
        14513,
        13861,
        14382,
        14534,
        14538,
        14539,
        14715,
        14820,
        14831,
        14850,
        14314,
        14894,
        14958,
        14912,
        14692,
        14985,
        15031,
        15026,
        14966,
        15045,
        15067,
        13834,
        15083,
        15113,
        15001,
        14249,
        15117,
        15098,
        15219,
        15291,
        15319,
        15337,
        15220,
        15397,
        15403,
        14083,
        14201,
        14520,
        12146,
        14876,
        15465,
        15476,
        15518,
        14535,
        15100,
        14927,
        15452,
        13948,
        15252,
        15297,
        15325,
        15268,
        15076,
        15571,
        13840,
        15579,
        14899,
        14904,
        14906,
        15584,
        15595,
        15248,
        15624,
        15620,
        15638,
        14967,
        15288,
        15685,
        14458,
        15723,
        12970,
        12974,
        12976,
        12981,
        12983,
        12988,
        12998,
        14014,
        14021,
        15749,
        15697,
        15747,
        15751,
        14497,
        13938,
        15712,
        15525,
        15462,
        10262,
        14871,
        14890,
        15767,
        14387,
        15833,
        15967,
        14581,
        14554,
        14251,
        15969,
        15568,
        15294,
        15861,
        16100,
        16139,
        16259,
        16268,
        16340,
        17055,
        17381,
        17386,
        14903,
        15327,
        15958,
        18572,
        17712,
        16032,
        20477,
        15501,
        15506,
        15511
      ]
    }
  ]
}
