{
  "title": "Pupila Dilatada",
  "uid": "pupiladilatada",
  "description": "Pupila Dilatada. First Tezos collaborative nftart show opened on March 25, 2021. Pupila Dilatada, dilated pupil in English, is one of the first signs that you are high, the psychedelic substance that you take is working and maybe, right now, your consciousness is altered and we are in another dimension.",
  "minimal": true,
  "data": [
    {
      "objkt": [
        7361,
        7781,
        9184,
        7265,
        8201,
        9778,
        10374,
        10534,
        10617,
        10680,
        11281,
        6796,
        11505,
        11552,
        11673,
        11699,
        11765,
        11847,
        11893,
        11783,
        11930,
        12462,
        10666,
        12021,
        12041,
        12483,
        12473,
        11272,
        10102,
        12039,
        12189,
        12186,
        6869,
        8214,
        12413,
        12349,
        11763,
        11583,
        11628,
        11698
      ]
    }
  ]
}
